Workbook

Sheet Cover
A1: Neon Fortune MATH Spec
A3: Game ID | B3: neon_fortune
A4: Game name | B4: Neon Fortune
A5: Math version | B5: 1.0.0
A6: Created | B6: 2026-09-23
A7: Author | B7: TakuroidX (AI Director) / Claude Code
A8: Purpose | B8: Hobby / learning project. Not intended for real-money gambling.
A11: Sheets
A12: Sheet | B12: Contents
A13: Summary | B13: Key figures (RTP, hit frequency, FS frequency, volatility)
A14: Base Parameters | B14: Grid, lines, bet, free spin settings (input)
A15: Symbols | B15: Symbol list and rules
A16: Paytable | B16: Pays (input)
A17: Reel Strips | B17: Reel strip for each reel (input)
A18: Paylines | B18: Row pattern of the 20 lines (input)
A19: Symbol Counts | B19: Count of each symbol per reel (COUNTIF)
A20: Line Calc | B20: Exact line-pay probabilities and RTP
A21: Scatter Calc | B21: SCATTER count distribution (32-pattern enumeration) and FS trigger probability
A22: Free Spin Calc | B22: Expected FS spins with retriggers, and FS RTP
A23: RTP Breakdown | B23: RTP breakdown by component
... A25: Verification | B25: Excel formulas vs SDK cross-check
A27: Legend
A28: Blue text + yellow fill | B28: Input values (design parameters). Edit these cells
A29: Black text | B29: Formulas within the sheet
A30: Green text | B30: Formulas referencing another sheet
A31: Gray italics | B31: Values pasted from SDK output (source noted)
A33: Revision History
A34: Version | B34: Changes | C34: Date | D34: Author
A35: 1.0.0 | B35: Initial version (5x3 / 20 lines / FS x3) | C35: 2026-09-23 | D35: TakuroidX

Sheet Summary
A1: Summary
A2: Theoretical values are formulas linked to the calculation sheets. Measured values come from the Simulation Results sheet.
A4: Item | B4: Theory (Excel) | C4: Measured (SDK) | D4: Notes
A5: Total RTP | B5: ='RTP Breakdown'!B9 -> 0.95979385 | C5: ='Simulation Results'!B6 -> 0.96020292 | D5: Target: see Base Parameters
A6: Line pays | B6: ='RTP Breakdown'!B5 -> 0.75995892
A7: Scatter pays | B7: ='RTP Breakdown'!B6 -> 0.017519883
A8: Free spins | B8: ='RTP Breakdown'!B8 -> 0.18231505 | C8: ='Simulation Results'!B9 -> 0.18240354
A9: FS trigger frequency (1 in N) | B9: ='Scatter Calc'!B57 -> 137.93439 | C9: =1/'Simulation Results'!B11 -> 137.86334 | D9: Probability of 3+ SCATTERs
A10: Expected FS spins (incl. retriggers) | B10: ='Free Spin Calc'!B9 -> 10.781651 | C10: ='Simulation Results'!B12 -> 10.77606
A11: Hit frequency (base game) | C11: ='Simulation Results'!B10 -> 0.53846567 | D11: Probability of any win in a spin
A12: Volatility (per-round SD) | C12: ='Simulation Results'!B14 -> 3.2472493 | D12: Standard deviation of the win multiple per round
A13: Max base game win (x total bet) | C13: ='Simulation Results'!E8 -> 76 | D13: Exact value from full-cycle enumeration
A14: Max round win observed (x total bet) | C14: ='Simulation Results'!B15 -> 333.05 | D14: Monte Carlo observation (not a theoretical max)
A16: Game specification
A17: Layout | B17: 5 reels x 3 rows, 20 fixed lines, left-to-right pays
A18: Bet | B18: line bet [1, 2, 5, 10] credits x 20 lines
A19: WILD | B19: Substitutes for every symbol except SCATTER. Reels 2–4 only. No pay of its own.
A20: SCATTER | B20: 3/4/5 anywhere = 2/10/50 x total bet
A21: Free spins | B21: 3+ SCATTER → 10 spins, all wins x3, 3+ during FS adds 10 spins (unlimited)
A22: Max win cap | B22: None (base game max is shown above)

Sheet Base Parameters
A1: Base Parameters
A2: Blue cells are inputs. Every calculation sheet references these cells.
A3: Item | B3: Value | F3: Notes
A4: Reels | B4: 5 | F4: Changing this requires rebuilding the calc sheets
A5: Rows | B5: 3 | F5: Visible symbols per reel
A6: Lines | B6: 20 | F6: Fixed lines. Must match the Paylines sheet
A7: Line bet levels | B7: 1 | C7: 2 | D7: 5 | E7: 10 | F7: Credits per line (4 levels)
A8: Default level (0-based) | B8: 0
A9: FS spins awarded | B9: 10 | F9: On a base game trigger
A10: FS retrigger spins | B10: 10 | F10: On 3+ during FS
A11: FS multiplier | B11: 3 | F11: Applies to every FS win
A12: FS trigger SCATTER count | B12: 3
A13: Target RTP | B13: 0.96 | F13: Design target
A14: WILD symbol ID | B14: WILD
A15: SCATTER symbol ID | B15: SCATTER

Sheet Symbols
A1: Symbols
A3: ID | B3: Name | C3: Type | D3: Reels | E3: Notes
A4: WILD | B4: Wild | C4: wild | D4: 2, 3, 4 | E4: Substitutes for every symbol except SCATTER. Reels 2–4 only. No pay of its own.
A5: SCATTER | B5: Star | C5: scatter | D5: 1, 2, 3, 4, 5 | E5: 3+ anywhere pays x total bet + awards free spins.
A6: SEVEN | B6: Seven | C6: normal | D6: 1, 2, 3, 4, 5 | E6: Normal symbol (left-to-right pays)
A7: DIAMOND | B7: Diamond | C7: normal | D7: 1, 2, 3, 4, 5 | E7: Normal symbol (left-to-right pays)
A8: BELL | B8: Bell | C8: normal | D8: 1, 2, 3, 4, 5 | E8: Normal symbol (left-to-right pays)
A9: CHERRY | B9: Cherry | C9: normal | D9: 1, 2, 3, 4, 5 | E9: Normal symbol (left-to-right pays)
A10: A | B10: A | C10: normal | D10: 1, 2, 3, 4, 5 | E10: Normal symbol (left-to-right pays)
A11: K | B11: K | C11: normal | D11: 1, 2, 3, 4, 5 | E11: Normal symbol (left-to-right pays)
A12: Q | B12: Q | C12: normal | D12: 1, 2, 3, 4, 5 | E12: Normal symbol (left-to-right pays)
A13: J | B13: J | C13: normal | D13: 1, 2, 3, 4, 5 | E13: Normal symbol (left-to-right pays)

Sheet Paytable
A1: Paytable
A2: Normal symbols: x line bet (left-to-right matches from reel 1). SCATTER: x total bet (anywhere).
A4: Symbol | B4: 1 of a kind | C4: 2 of a kind | D4: 3 of a kind | E4: 4 of a kind | F4: 5 of a kind | G4: Notes
A5: SEVEN | B5: 0 | C5: 2 | D5: 50 | E5: 200 | F5: 1000
A6: DIAMOND | B6: 0 | C6: 0 | D6: 30 | E6: 100 | F6: 500
A7: BELL | B7: 0 | C7: 0 | D7: 20 | E7: 60 | F7: 250
A8: CHERRY | B8: 0 | C8: 0 | D8: 15 | E8: 40 | F8: 150
A9: A | B9: 0 | C9: 0 | D9: 10 | E9: 25 | F9: 100
A10: K | B10: 0 | C10: 0 | D10: 8 | E10: 20 | F10: 80
A11: Q | B11: 0 | C11: 0 | D11: 5 | E11: 15 | F11: 60
A12: J | B12: 0 | C12: 0 | D12: 5 | E12: 10 | F12: 50
A14: SCATTER | B14: 1 | C14: 2 | D14: 3 | E14: 4 | F14: 5 | G14: x total bet
A15: SCATTER | B15: 0 | C15: 0 | D15: 2 | E15: 10 | F15: 50 | G15: x total bet; triggers free spins
A17: Wins on the same line pay only the highest. Line pays and scatter pays are added together.

Sheet Reel Strips
A1: Reel Strips
A2: Stops 0 to (length-1). Row r shows strip[(stop+r) mod length]. Up to 100 rows can be entered.
A3: Length | B3: =COUNTA(B5:B104) -> 44 | C3: =COUNTA(C5:C104) -> 43 | D3: =COUNTA(D5:D104) -> 42 | E3: =COUNTA(E5:E104) -> 45 | F3: =COUNTA(F5:F104) -> 42
A4: Stop | B4: Reel 1 | C4: Reel 2 | D4: Reel 3 | E4: Reel 4 | F4: Reel 5 | H4: Design rules (checked by the SDK's MathModel.Validate):
A5: 0 | B5: K | C5: A | D5: BELL | E5: CHERRY | F5: A | H5: - Don't put WILD on reel 1 (premise of the exact calculation)
A6: 1 | B6: SCATTER | C6: WILD | D6: A | E6: WILD | F6: Q | H6: - Keep SCATTERs on the same reel at least 3 apart (at most 1 visible per reel)
A7: 2 | B7: BELL | C7: Q | D7: J | E7: K | F7: DIAMOND | H7: - The same symbol is never adjacent (a design choice in design_reels.py)
A8: 3 | B8: DIAMOND | C8: J | D8: K | E8: J | F8: J
A9: 4 | B9: A | C9: K | D9: DIAMOND | E9: A | F9: Q
A10: 5 | B10: Q | C10: CHERRY | D10: Q | E10: J | F10: A
A11: 6 | B11: K | C11: K | D11: SEVEN | E11: Q | F11: BELL
A12: 7 | B12: Q | C12: WILD | D12: BELL | E12: CHERRY | F12: A
A13: 8 | B13: DIAMOND | C13: DIAMOND | D13: CHERRY | E13: A | F13: CHERRY
A14: 9 | B14: K | C14: A | D14: BELL | E14: K | F14: Q
A15: 10 | B15: A | C15: CHERRY | D15: WILD | E15: BELL | F15: SEVEN
A16: 11 | B16: J | C16: Q | D16: CHERRY | E16: A | F16: J
A17: 12 | B17: K | C17: K | D17: K | E17: SCATTER | F17: A
A18: 13 | B18: Q | C18: DIAMOND | D18: Q | E18: WILD | F18: SCATTER
A19: 14 | B19: BELL | C19: A | D19: A | E19: Q | F19: K
... A46: 41 | B46: Q | C46: J | D46: J | E46: K | F46: BELL
A47: 42 | B47: SEVEN | C47: Q | E47: A
A48: 43 | B48: Q | E48: WILD
A49: 44 | E49: J

Sheet Paylines
A1: Paylines
A2: Row numbers: 0 = top, 1 = middle, 2 = bottom. Shape is a formula (▔ = top, ─ = middle, ▁ = bottom).
A3: Line | B3: Reel 1 | C3: Reel 2 | D3: Reel 3 | E3: Reel 4 | F3: Reel 5 | G3: Shape
A4: 1 | B4: 1 | C4: 1 | D4: 1 | E4: 1 | F4: 1 | G4: =CHOOSE(B4+1,"▔","─","▁")&CHOOSE(C4+1,"▔","─","▁")&CHOOSE(D4+1,"▔","─","▁")&CHOOSE(E4+1,"▔","─","▁")&CHOOSE(F4+1,"▔","─","▁") -> ─────
A5: 2 | B5: 0 | C5: 0 | D5: 0 | E5: 0 | F5: 0 | G5: =CHOOSE(B5+1,"▔","─","▁")&CHOOSE(C5+1,"▔","─","▁")&CHOOSE(D5+1,"▔","─","▁")&CHOOSE(E5+1,"▔","─","▁")&CHOOSE(F5+1,"▔","─","▁") -> ▔▔▔▔▔
A6: 3 | B6: 2 | C6: 2 | D6: 2 | E6: 2 | F6: 2 | G6: =CHOOSE(B6+1,"▔","─","▁")&CHOOSE(C6+1,"▔","─","▁")&CHOOSE(D6+1,"▔","─","▁")&CHOOSE(E6+1,"▔","─","▁")&CHOOSE(F6+1,"▔","─","▁") -> ▁▁▁▁▁
A7: 4 | B7: 0 | C7: 1 | D7: 2 | E7: 1 | F7: 0 | G7: =CHOOSE(B7+1,"▔","─","▁")&CHOOSE(C7+1,"▔","─","▁")&CHOOSE(D7+1,"▔","─","▁")&CHOOSE(E7+1,"▔","─","▁")&CHOOSE(F7+1,"▔","─","▁") -> ▔─▁─▔
A8: 5 | B8: 2 | C8: 1 | D8: 0 | E8: 1 | F8: 2 | G8: =CHOOSE(B8+1,"▔","─","▁")&CHOOSE(C8+1,"▔","─","▁")&CHOOSE(D8+1,"▔","─","▁")&CHOOSE(E8+1,"▔","─","▁")&CHOOSE(F8+1,"▔","─","▁") -> ▁─▔─▁
A9: 6 | B9: 0 | C9: 0 | D9: 1 | E9: 2 | F9: 2 | G9: =CHOOSE(B9+1,"▔","─","▁")&CHOOSE(C9+1,"▔","─","▁")&CHOOSE(D9+1,"▔","─","▁")&CHOOSE(E9+1,"▔","─","▁")&CHOOSE(F9+1,"▔","─","▁") -> ▔▔─▁▁
A10: 7 | B10: 2 | C10: 2 | D10: 1 | E10: 0 | F10: 0 | G10: =CHOOSE(B10+1,"▔","─","▁")&CHOOSE(C10+1,"▔","─","▁")&CHOOSE(D10+1,"▔","─","▁")&CHOOSE(E10+1,"▔","─","▁")&CHOOSE(F10+1,"▔","─","▁") -> ▁▁─▔▔
A11: 8 | B11: 1 | C11: 0 | D11: 0 | E11: 0 | F11: 1 | G11: =CHOOSE(B11+1,"▔","─","▁")&CHOOSE(C11+1,"▔","─","▁")&CHOOSE(D11+1,"▔","─","▁")&CHOOSE(E11+1,"▔","─","▁")&CHOOSE(F11+1,"▔","─","▁") -> ─▔▔▔─
A12: 9 | B12: 1 | C12: 2 | D12: 2 | E12: 2 | F12: 1 | G12: =CHOOSE(B12+1,"▔","─","▁")&CHOOSE(C12+1,"▔","─","▁")&CHOOSE(D12+1,"▔","─","▁")&CHOOSE(E12+1,"▔","─","▁")&CHOOSE(F12+1,"▔","─","▁") -> ─▁▁▁─
A13: 10 | B13: 1 | C13: 0 | D13: 1 | E13: 2 | F13: 1 | G13: =CHOOSE(B13+1,"▔","─","▁")&CHOOSE(C13+1,"▔","─","▁")&CHOOSE(D13+1,"▔","─","▁")&CHOOSE(E13+1,"▔","─","▁")&CHOOSE(F13+1,"▔","─","▁") -> ─▔─▁─
A14: 11 | B14: 1 | C14: 2 | D14: 1 | E14: 0 | F14: 1 | G14: =CHOOSE(B14+1,"▔","─","▁")&CHOOSE(C14+1,"▔","─","▁")&CHOOSE(D14+1,"▔","─","▁")&CHOOSE(E14+1,"▔","─","▁")&CHOOSE(F14+1,"▔","─","▁") -> ─▁─▔─
A15: 12 | B15: 0 | C15: 1 | D15: 1 | E15: 1 | F15: 0 | G15: =CHOOSE(B15+1,"▔","─","▁")&CHOOSE(C15+1,"▔","─","▁")&CHOOSE(D15+1,"▔","─","▁")&CHOOSE(E15+1,"▔","─","▁")&CHOOSE(F15+1,"▔","─","▁") -> ▔───▔
... A23: 20 | B23: 0 | C23: 2 | D23: 2 | E23: 2 | F23: 0 | G23: =CHOOSE(B23+1,"▔","─","▁")&CHOOSE(C23+1,"▔","─","▁")&CHOOSE(D23+1,"▔","─","▁")&CHOOSE(E23+1,"▔","─","▁")&CHOOSE(F23+1,"▔","─","▁") -> ▔▁▁▁▔

Sheet Symbol Counts
A1: Symbol Counts per Reel
A2: Aggregated from the Reel Strips sheet with COUNTIF.
A4: Symbol | B4: Reel 1 | C4: Reel 2 | D4: Reel 3 | E4: Reel 4 | F4: Reel 5 | G4: Total
A5: =Symbols!A4 -> WILD | B5: =COUNTIF('Reel Strips'!B$5:B$104,$A5) -> 0 | C5: =COUNTIF('Reel Strips'!C$5:C$104,$A5) -> 3 | D5: =COUNTIF('Reel Strips'!D$5:D$104,$A5) -> 5 | E5: =COUNTIF('Reel Strips'!E$5:E$104,$A5) -> 4 | F5: =COUNTIF('Reel Strips'!F$5:F$104,$A5) -> 0 | G5: =SUM(B5:F5) -> 12
A6: =Symbols!A5 -> SCATTER | B6: =COUNTIF('Reel Strips'!B$5:B$104,$A6) -> 1 | C6: =COUNTIF('Reel Strips'!C$5:C$104,$A6) -> 2 | D6: =COUNTIF('Reel Strips'!D$5:D$104,$A6) -> 1 | E6: =COUNTIF('Reel Strips'!E$5:E$104,$A6) -> 2 | F6: =COUNTIF('Reel Strips'!F$5:F$104,$A6) -> 1 | G6: =SUM(B6:F6) -> 7
A7: =Symbols!A6 -> SEVEN | B7: =COUNTIF('Reel Strips'!B$5:B$104,$A7) -> 2 | C7: =COUNTIF('Reel Strips'!C$5:C$104,$A7) -> 1 | D7: =COUNTIF('Reel Strips'!D$5:D$104,$A7) -> 2 | E7: =COUNTIF('Reel Strips'!E$5:E$104,$A7) -> 2 | F7: =COUNTIF('Reel Strips'!F$5:F$104,$A7) -> 2 | G7: =SUM(B7:F7) -> 9
A8: =Symbols!A7 -> DIAMOND | B8: =COUNTIF('Reel Strips'!B$5:B$104,$A8) -> 4 | C8: =COUNTIF('Reel Strips'!C$5:C$104,$A8) -> 3 | D8: =COUNTIF('Reel Strips'!D$5:D$104,$A8) -> 2 | E8: =COUNTIF('Reel Strips'!E$5:E$104,$A8) -> 3 | F8: =COUNTIF('Reel Strips'!F$5:F$104,$A8) -> 3 | G8: =SUM(B8:F8) -> 15
A9: =Symbols!A8 -> BELL | B9: =COUNTIF('Reel Strips'!B$5:B$104,$A9) -> 4 | C9: =COUNTIF('Reel Strips'!C$5:C$104,$A9) -> 4 | D9: =COUNTIF('Reel Strips'!D$5:D$104,$A9) -> 3 | E9: =COUNTIF('Reel Strips'!E$5:E$104,$A9) -> 4 | F9: =COUNTIF('Reel Strips'!F$5:F$104,$A9) -> 4 | G9: =SUM(B9:F9) -> 19
A10: =Symbols!A9 -> CHERRY | B10: =COUNTIF('Reel Strips'!B$5:B$104,$A10) -> 5 | C10: =COUNTIF('Reel Strips'!C$5:C$104,$A10) -> 4 | D10: =COUNTIF('Reel Strips'!D$5:D$104,$A10) -> 4 | E10: =COUNTIF('Reel Strips'!E$5:E$104,$A10) -> 5 | F10: =COUNTIF('Reel Strips'!F$5:F$104,$A10) -> 5 | G10: =SUM(B10:F10) -> 23
A11: =Symbols!A10 -> A | B11: =COUNTIF('Reel Strips'!B$5:B$104,$A11) -> 9 | C11: =COUNTIF('Reel Strips'!C$5:C$104,$A11) -> 6 | D11: =COUNTIF('Reel Strips'!D$5:D$104,$A11) -> 6 | E11: =COUNTIF('Reel Strips'!E$5:E$104,$A11) -> 6 | F11: =COUNTIF('Reel Strips'!F$5:F$104,$A11) -> 7 | G11: =SUM(B11:F11) -> 34
A12: =Symbols!A11 -> K | B12: =COUNTIF('Reel Strips'!B$5:B$104,$A12) -> 5 | C12: =COUNTIF('Reel Strips'!C$5:C$104,$A12) -> 6 | D12: =COUNTIF('Reel Strips'!D$5:D$104,$A12) -> 6 | E12: =COUNTIF('Reel Strips'!E$5:E$104,$A12) -> 6 | F12: =COUNTIF('Reel Strips'!F$5:F$104,$A12) -> 6 | G12: =SUM(B12:F12) -> 29
A13: =Symbols!A12 -> Q | B13: =COUNTIF('Reel Strips'!B$5:B$104,$A13) -> 7 | C13: =COUNTIF('Reel Strips'!C$5:C$104,$A13) -> 7 | D13: =COUNTIF('Reel Strips'!D$5:D$104,$A13) -> 7 | E13: =COUNTIF('Reel Strips'!E$5:E$104,$A13) -> 6 | F13: =COUNTIF('Reel Strips'!F$5:F$104,$A13) -> 7 | G13: =SUM(B13:F13) -> 34
A14: =Symbols!A13 -> J | B14: =COUNTIF('Reel Strips'!B$5:B$104,$A14) -> 7 | C14: =COUNTIF('Reel Strips'!C$5:C$104,$A14) -> 7 | D14: =COUNTIF('Reel Strips'!D$5:D$104,$A14) -> 6 | E14: =COUNTIF('Reel Strips'!E$5:E$104,$A14) -> 7 | F14: =COUNTIF('Reel Strips'!F$5:F$104,$A14) -> 7 | G14: =SUM(B14:F14) -> 34
A15: Length | B15: =SUM(B5:B14) -> 44 | C15: =SUM(C5:C14) -> 43 | D15: =SUM(D5:D14) -> 42 | E15: =SUM(E5:E14) -> 45 | F15: =SUM(F5:F14) -> 42 | G15: =SUM(G5:G14) -> 216
A16: Check | B16: =IF(B15='Reel Strips'!B3,"OK","Unknown symbol") -> OK | C16: =IF(C15='Reel Strips'!C3,"OK","Unknown symbol") -> OK | D16: =IF(D15='Reel Strips'!D3,"OK","Unknown symbol") -> OK | E16: =IF(E15='Reel Strips'!E3,"OK","Unknown symbol") -> OK | F16: =IF(F15='Reel Strips'!F3,"OK","Unknown symbol") -> OK
A17: 'OK' when every entry in the reel strip matches a symbol ID in the Symbols sheet.

Sheet Line Calc
A1: Line Calc (exact)
A2: Reel 1 has no WILD, so each line's paying symbol = reel 1's symbol. P(k+ in a row) = n1/L1 × Π(ni+Wi)/Li. Reels are independent and stops are equally likely, so every line has the same distribution → line RTP = per-line expectation (x line bet) = total-bet ratio.
A3: Length | B3: ='Symbol Counts'!B15 -> 44 | C3: ='Symbol Counts'!C15 -> 43 | D3: ='Symbol Counts'!D15 -> 42 | E3: ='Symbol Counts'!E15 -> 45 | F3: ='Symbol Counts'!F15 -> 42
A4: WILD count | B4: =INDEX('Symbol Counts'!B$5:B$14,MATCH('Base Parameters'!$B$14,'Symbol Counts'!$A$5:$A$14,0)) -> 0 | C4: =INDEX('Symbol Counts'!C$5:C$14,MATCH('Base Parameters'!$B$14,'Symbol Counts'!$A$5:$A$14,0)) -> 3 | D4: =INDEX('Symbol Counts'!D$5:D$14,MATCH('Base Parameters'!$B$14,'Symbol Counts'!$A$5:$A$14,0)) -> 5 | E4: =INDEX('Symbol Counts'!E$5:E$14,MATCH('Base Parameters'!$B$14,'Symbol Counts'!$A$5:$A$14,0)) -> 4 | F4: =INDEX('Symbol Counts'!F$5:F$14,MATCH('Base Parameters'!$B$14,'Symbol Counts'!$A$5:$A$14,0)) -> 0
B5: Effective count (reel 1 = symbol / reels 2+ = symbol + WILD) | G5: P(k+ in a row from the left) | L5: P(exactly k in a row) | Q5: Pay (x line bet) | V5: Contribution = probability × pay
A6: Symbol | B6: R1 | C6: R2 | D6: R3 | E6: R4 | F6: R5 | G6: ≥1 | H6: ≥2 | I6: ≥3 | J6: ≥4 | K6: ≥5 | L6: =1 -> 1 | M6: =2 -> 2 | N6: =3 -> 3 | O6: =4 -> 4 | P6: =5 -> 5 | Q6: 1 kind | R6: 2 kind | S6: 3 kind | T6: 4 kind | U6: 5 kind | V6: 1 kind | W6: 2 kind | X6: 3 kind | Y6: 4 kind | Z6: 5 kind | AA6: Symbol total | AB6: Hit rate / line
A7: =Paytable!A5 -> SEVEN | B7: =INDEX('Symbol Counts'!B$5:B$14,MATCH($A7,'Symbol Counts'!$A$5:$A$14,0)) -> 2 | C7: =INDEX('Symbol Counts'!C$5:C$14,MATCH($A7,'Symbol Counts'!$A$5:$A$14,0))+C$4 -> 4 | D7: =INDEX('Symbol Counts'!D$5:D$14,MATCH($A7,'Symbol Counts'!$A$5:$A$14,0))+D$4 -> 7 | E7: =INDEX('Symbol Counts'!E$5:E$14,MATCH($A7,'Symbol Counts'!$A$5:$A$14,0))+E$4 -> 6 | F7: =INDEX('Symbol Counts'!F$5:F$14,MATCH($A7,'Symbol Counts'!$A$5:$A$14,0))+F$4 -> 2 | G7: =B7/B$3 -> 0.045454545 | H7: =G7*C7/C$3 -> 0.0042283298 | I7: =H7*D7/D$3 -> 0.00070472163 | J7: =I7*E7/E$3 -> 9.3962885e-05 | K7: =J7*F7/F$3 -> 4.4744231e-06 | L7: =G7-H7 -> 0.041226216 | M7: =H7-I7 -> 0.0035236082 | N7: =I7-J7 -> 0.00061075875 | O7: =J7-K7 -> 8.9488462e-05 | P7: =K7 -> 4.4744231e-06 | Q7: =INDEX(Paytable!B$5:B$12,MATCH($A7,Paytable!$A$5:$A$12,0)) -> 0 | R7: =INDEX(Paytable!C$5:C$12,MATCH($A7,Paytable!$A$5:$A$12,0)) -> 2 | S7: =INDEX(Paytable!D$5:D$12,MATCH($A7,Paytable!$A$5:$A$12,0)) -> 50 | T7: =INDEX(Paytable!E$5:E$12,MATCH($A7,Paytable!$A$5:$A$12,0)) -> 200 | U7: =INDEX(Paytable!F$5:F$12,MATCH($A7,Paytable!$A$5:$A$12,0)) -> 1000 | V7: =L7*Q7 -> 0 | W7: =M7*R7 -> 0.0070472163 | X7: =N7*S7 -> 0.030537938 | Y7: =O7*T7 -> 0.017897692 | Z7: =P7*U7 -> 0.0044744231 | AA7: =SUM(V7:Z7) -> 0.059957269 | AB7: =SUMPRODUCT(L7:P7*(Q7:U7>0)) -> 0.0042283298
A8: =Paytable!A6 -> DIAMOND | B8: =INDEX('Symbol Counts'!B$5:B$14,MATCH($A8,'Symbol Counts'!$A$5:$A$14,0)) -> 4 | C8: =INDEX('Symbol Counts'!C$5:C$14,MATCH($A8,'Symbol Counts'!$A$5:$A$14,0))+C$4 -> 6 | D8: =INDEX('Symbol Counts'!D$5:D$14,MATCH($A8,'Symbol Counts'!$A$5:$A$14,0))+D$4 -> 7 | E8: =INDEX('Symbol Counts'!E$5:E$14,MATCH($A8,'Symbol Counts'!$A$5:$A$14,0))+E$4 -> 7 | F8: =INDEX('Symbol Counts'!F$5:F$14,MATCH($A8,'Symbol Counts'!$A$5:$A$14,0))+F$4 -> 3 | G8: =B8/B$3 -> 0.090909091 | H8: =G8*C8/C$3 -> 0.012684989 | I8: =H8*D8/D$3 -> 0.0021141649 | J8: =I8*E8/E$3 -> 0.0003288701 | K8: =J8*F8/F$3 -> 2.3490721e-05 | L8: =G8-H8 -> 0.078224101 | M8: =H8-I8 -> 0.010570825 | N8: =I8-J8 -> 0.0017852948 | O8: =J8-K8 -> 0.00030537938 | P8: =K8 -> 2.3490721e-05 | Q8: =INDEX(Paytable!B$5:B$12,MATCH($A8,Paytable!$A$5:$A$12,0)) -> 0 | R8: =INDEX(Paytable!C$5:C$12,MATCH($A8,Paytable!$A$5:$A$12,0)) -> 0 | S8: =INDEX(Paytable!D$5:D$12,MATCH($A8,Paytable!$A$5:$A$12,0)) -> 30 | T8: =INDEX(Paytable!E$5:E$12,MATCH($A8,Paytable!$A$5:$A$12,0)) -> 100 | U8: =INDEX(Paytable!F$5:F$12,MATCH($A8,Paytable!$A$5:$A$12,0)) -> 500 | V8: =L8*Q8 -> 0 | W8: =M8*R8 -> 0 | X8: =N8*S8 -> 0.053558844 | Y8: =O8*T8 -> 0.030537938 | Z8: =P8*U8 -> 0.011745361 | AA8: =SUM(V8:Z8) -> 0.095842142 | AB8: =SUMPRODUCT(L8:P8*(Q8:U8>0)) -> 0.0021141649
A9: =Paytable!A7 -> BELL | B9: =INDEX('Symbol Counts'!B$5:B$14,MATCH($A9,'Symbol Counts'!$A$5:$A$14,0)) -> 4 | C9: =INDEX('Symbol Counts'!C$5:C$14,MATCH($A9,'Symbol Counts'!$A$5:$A$14,0))+C$4 -> 7 | D9: =INDEX('Symbol Counts'!D$5:D$14,MATCH($A9,'Symbol Counts'!$A$5:$A$14,0))+D$4 -> 8 | E9: =INDEX('Symbol Counts'!E$5:E$14,MATCH($A9,'Symbol Counts'!$A$5:$A$14,0))+E$4 -> 8 | F9: =INDEX('Symbol Counts'!F$5:F$14,MATCH($A9,'Symbol Counts'!$A$5:$A$14,0))+F$4 -> 4 | G9: =B9/B$3 -> 0.090909091 | H9: =G9*C9/C$3 -> 0.014799154 | I9: =H9*D9/D$3 -> 0.0028188865 | J9: =I9*E9/E$3 -> 0.00050113538 | K9: =J9*F9/F$3 -> 4.772718e-05 | L9: =G9-H9 -> 0.076109937 | M9: =H9-I9 -> 0.011980268 | N9: =I9-J9 -> 0.0023177512 | O9: =J9-K9 -> 0.00045340821 | P9: =K9 -> 4.772718e-05 | Q9: =INDEX(Paytable!B$5:B$12,MATCH($A9,Paytable!$A$5:$A$12,0)) -> 0 | R9: =INDEX(Paytable!C$5:C$12,MATCH($A9,Paytable!$A$5:$A$12,0)) -> 0 | S9: =INDEX(Paytable!D$5:D$12,MATCH($A9,Paytable!$A$5:$A$12,0)) -> 20 | T9: =INDEX(Paytable!E$5:E$12,MATCH($A9,Paytable!$A$5:$A$12,0)) -> 60 | U9: =INDEX(Paytable!F$5:F$12,MATCH($A9,Paytable!$A$5:$A$12,0)) -> 250 | V9: =L9*Q9 -> 0 | W9: =M9*R9 -> 0 | X9: =N9*S9 -> 0.046355023 | Y9: =O9*T9 -> 0.027204492 | Z9: =P9*U9 -> 0.011931795 | AA9: =SUM(V9:Z9) -> 0.08549131 | AB9: =SUMPRODUCT(L9:P9*(Q9:U9>0)) -> 0.0028188865
A10: =Paytable!A8 -> CHERRY | B10: =INDEX('Symbol Counts'!B$5:B$14,MATCH($A10,'Symbol Counts'!$A$5:$A$14,0)) -> 5 | C10: =INDEX('Symbol Counts'!C$5:C$14,MATCH($A10,'Symbol Counts'!$A$5:$A$14,0))+C$4 -> 7 | D10: =INDEX('Symbol Counts'!D$5:D$14,MATCH($A10,'Symbol Counts'!$A$5:$A$14,0))+D$4 -> 9 | E10: =INDEX('Symbol Counts'!E$5:E$14,MATCH($A10,'Symbol Counts'!$A$5:$A$14,0))+E$4 -> 9 | F10: =INDEX('Symbol Counts'!F$5:F$14,MATCH($A10,'Symbol Counts'!$A$5:$A$14,0))+F$4 -> 5 | G10: =B10/B$3 -> 0.11363636 | H10: =G10*C10/C$3 -> 0.018498943 | I10: =H10*D10/D$3 -> 0.0039640592 | J10: =I10*E10/E$3 -> 0.00079281184 | K10: =J10*F10/F$3 -> 9.4382362e-05 | L10: =G10-H10 -> 0.095137421 | M10: =H10-I10 -> 0.014534884 | N10: =I10-J10 -> 0.0031712474 | O10: =J10-K10 -> 0.00069842948 | P10: =K10 -> 9.4382362e-05 | Q10: =INDEX(Paytable!B$5:B$12,MATCH($A10,Paytable!$A$5:$A$12,0)) -> 0 | R10: =INDEX(Paytable!C$5:C$12,MATCH($A10,Paytable!$A$5:$A$12,0)) -> 0 | S10: =INDEX(Paytable!D$5:D$12,MATCH($A10,Paytable!$A$5:$A$12,0)) -> 15 | T10: =INDEX(Paytable!E$5:E$12,MATCH($A10,Paytable!$A$5:$A$12,0)) -> 40 | U10: =INDEX(Paytable!F$5:F$12,MATCH($A10,Paytable!$A$5:$A$12,0)) -> 150 | V10: =L10*Q10 -> 0 | W10: =M10*R10 -> 0 | X10: =N10*S10 -> 0.04756871 | Y10: =O10*T10 -> 0.027937179 | Z10: =P10*U10 -> 0.014157354 | AA10: =SUM(V10:Z10) -> 0.089663244 | AB10: =SUMPRODUCT(L10:P10*(Q10:U10>0)) -> 0.0039640592
A11: =Paytable!A9 -> A | B11: =INDEX('Symbol Counts'!B$5:B$14,MATCH($A11,'Symbol Counts'!$A$5:$A$14,0)) -> 9 | C11: =INDEX('Symbol Counts'!C$5:C$14,MATCH($A11,'Symbol Counts'!$A$5:$A$14,0))+C$4 -> 9 | D11: =INDEX('Symbol Counts'!D$5:D$14,MATCH($A11,'Symbol Counts'!$A$5:$A$14,0))+D$4 -> 11 | E11: =INDEX('Symbol Counts'!E$5:E$14,MATCH($A11,'Symbol Counts'!$A$5:$A$14,0))+E$4 -> 10 | F11: =INDEX('Symbol Counts'!F$5:F$14,MATCH($A11,'Symbol Counts'!$A$5:$A$14,0))+F$4 -> 7 | G11: =B11/B$3 -> 0.20454545 | H11: =G11*C11/C$3 -> 0.042811839 | I11: =H11*D11/D$3 -> 0.011212625 | J11: =I11*E11/E$3 -> 0.0024916944 | K11: =J11*F11/F$3 -> 0.00041528239 | L11: =G11-H11 -> 0.16173362 | M11: =H11-I11 -> 0.031599215 | N11: =I11-J11 -> 0.0087209302 | O11: =J11-K11 -> 0.002076412 | P11: =K11 -> 0.00041528239 | Q11: =INDEX(Paytable!B$5:B$12,MATCH($A11,Paytable!$A$5:$A$12,0)) -> 0 | R11: =INDEX(Paytable!C$5:C$12,MATCH($A11,Paytable!$A$5:$A$12,0)) -> 0 | S11: =INDEX(Paytable!D$5:D$12,MATCH($A11,Paytable!$A$5:$A$12,0)) -> 10 | T11: =INDEX(Paytable!E$5:E$12,MATCH($A11,Paytable!$A$5:$A$12,0)) -> 25 | U11: =INDEX(Paytable!F$5:F$12,MATCH($A11,Paytable!$A$5:$A$12,0)) -> 100 | V11: =L11*Q11 -> 0 | W11: =M11*R11 -> 0 | X11: =N11*S11 -> 0.087209302 | Y11: =O11*T11 -> 0.051910299 | Z11: =P11*U11 -> 0.041528239 | AA11: =SUM(V11:Z11) -> 0.18064784 | AB11: =SUMPRODUCT(L11:P11*(Q11:U11>0)) -> 0.011212625
A12: =Paytable!A10 -> K | B12: =INDEX('Symbol Counts'!B$5:B$14,MATCH($A12,'Symbol Counts'!$A$5:$A$14,0)) -> 5 | C12: =INDEX('Symbol Counts'!C$5:C$14,MATCH($A12,'Symbol Counts'!$A$5:$A$14,0))+C$4 -> 9 | D12: =INDEX('Symbol Counts'!D$5:D$14,MATCH($A12,'Symbol Counts'!$A$5:$A$14,0))+D$4 -> 11 | E12: =INDEX('Symbol Counts'!E$5:E$14,MATCH($A12,'Symbol Counts'!$A$5:$A$14,0))+E$4 -> 10 | F12: =INDEX('Symbol Counts'!F$5:F$14,MATCH($A12,'Symbol Counts'!$A$5:$A$14,0))+F$4 -> 6 | G12: =B12/B$3 -> 0.11363636 | H12: =G12*C12/C$3 -> 0.023784355 | I12: =H12*D12/D$3 -> 0.0062292359 | J12: =I12*E12/E$3 -> 0.0013842746 | K12: =J12*F12/F$3 -> 0.00019775352 | L12: =G12-H12 -> 0.089852008 | M12: =H12-I12 -> 0.017555119 | N12: =I12-J12 -> 0.0048449612 | O12: =J12-K12 -> 0.0011865211 | P12: =K12 -> 0.00019775352 | Q12: =INDEX(Paytable!B$5:B$12,MATCH($A12,Paytable!$A$5:$A$12,0)) -> 0 | R12: =INDEX(Paytable!C$5:C$12,MATCH($A12,Paytable!$A$5:$A$12,0)) -> 0 | S12: =INDEX(Paytable!D$5:D$12,MATCH($A12,Paytable!$A$5:$A$12,0)) -> 8 | T12: =INDEX(Paytable!E$5:E$12,MATCH($A12,Paytable!$A$5:$A$12,0)) -> 20 | U12: =INDEX(Paytable!F$5:F$12,MATCH($A12,Paytable!$A$5:$A$12,0)) -> 80 | V12: =L12*Q12 -> 0 | W12: =M12*R12 -> 0 | X12: =N12*S12 -> 0.03875969 | Y12: =O12*T12 -> 0.023730422 | Z12: =P12*U12 -> 0.015820282 | AA12: =SUM(V12:Z12) -> 0.078310394 | AB12: =SUMPRODUCT(L12:P12*(Q12:U12>0)) -> 0.0062292359
A13: =Paytable!A11 -> Q | B13: =INDEX('Symbol Counts'!B$5:B$14,MATCH($A13,'Symbol Counts'!$A$5:$A$14,0)) -> 7 | C13: =INDEX('Symbol Counts'!C$5:C$14,MATCH($A13,'Symbol Counts'!$A$5:$A$14,0))+C$4 -> 10 | D13: =INDEX('Symbol Counts'!D$5:D$14,MATCH($A13,'Symbol Counts'!$A$5:$A$14,0))+D$4 -> 12 | E13: =INDEX('Symbol Counts'!E$5:E$14,MATCH($A13,'Symbol Counts'!$A$5:$A$14,0))+E$4 -> 10 | F13: =INDEX('Symbol Counts'!F$5:F$14,MATCH($A13,'Symbol Counts'!$A$5:$A$14,0))+F$4 -> 7 | G13: =B13/B$3 -> 0.15909091 | H13: =G13*C13/C$3 -> 0.036997886 | I13: =H13*D13/D$3 -> 0.010570825 | J13: =I13*E13/E$3 -> 0.0023490721 | K13: =J13*F13/F$3 -> 0.00039151202 | L13: =G13-H13 -> 0.12209302 | M13: =H13-I13 -> 0.026427061 | N13: =I13-J13 -> 0.0082217524 | O13: =J13-K13 -> 0.0019575601 | P13: =K13 -> 0.00039151202 | Q13: =INDEX(Paytable!B$5:B$12,MATCH($A13,Paytable!$A$5:$A$12,0)) -> 0 | R13: =INDEX(Paytable!C$5:C$12,MATCH($A13,Paytable!$A$5:$A$12,0)) -> 0 | S13: =INDEX(Paytable!D$5:D$12,MATCH($A13,Paytable!$A$5:$A$12,0)) -> 5 | T13: =INDEX(Paytable!E$5:E$12,MATCH($A13,Paytable!$A$5:$A$12,0)) -> 15 | U13: =INDEX(Paytable!F$5:F$12,MATCH($A13,Paytable!$A$5:$A$12,0)) -> 60 | V13: =L13*Q13 -> 0 | W13: =M13*R13 -> 0 | X13: =N13*S13 -> 0.041108762 | Y13: =O13*T13 -> 0.029363401 | Z13: =P13*U13 -> 0.023490721 | AA13: =SUM(V13:Z13) -> 0.093962885 | AB13: =SUMPRODUCT(L13:P13*(Q13:U13>0)) -> 0.010570825
A14: =Paytable!A12 -> J | B14: =INDEX('Symbol Counts'!B$5:B$14,MATCH($A14,'Symbol Counts'!$A$5:$A$14,0)) -> 7 | C14: =INDEX('Symbol Counts'!C$5:C$14,MATCH($A14,'Symbol Counts'!$A$5:$A$14,0))+C$4 -> 10 | D14: =INDEX('Symbol Counts'!D$5:D$14,MATCH($A14,'Symbol Counts'!$A$5:$A$14,0))+D$4 -> 11 | E14: =INDEX('Symbol Counts'!E$5:E$14,MATCH($A14,'Symbol Counts'!$A$5:$A$14,0))+E$4 -> 11 | F14: =INDEX('Symbol Counts'!F$5:F$14,MATCH($A14,'Symbol Counts'!$A$5:$A$14,0))+F$4 -> 7 | G14: =B14/B$3 -> 0.15909091 | H14: =G14*C14/C$3 -> 0.036997886 | I14: =H14*D14/D$3 -> 0.0096899225 | J14: =I14*E14/E$3 -> 0.0023686477 | K14: =J14*F14/F$3 -> 0.00039477462 | L14: =G14-H14 -> 0.12209302 | M14: =H14-I14 -> 0.027307963 | N14: =I14-J14 -> 0.0073212748 | O14: =J14-K14 -> 0.0019738731 | P14: =K14 -> 0.00039477462 | Q14: =INDEX(Paytable!B$5:B$12,MATCH($A14,Paytable!$A$5:$A$12,0)) -> 0 | R14: =INDEX(Paytable!C$5:C$12,MATCH($A14,Paytable!$A$5:$A$12,0)) -> 0 | S14: =INDEX(Paytable!D$5:D$12,MATCH($A14,Paytable!$A$5:$A$12,0)) -> 5 | T14: =INDEX(Paytable!E$5:E$12,MATCH($A14,Paytable!$A$5:$A$12,0)) -> 10 | U14: =INDEX(Paytable!F$5:F$12,MATCH($A14,Paytable!$A$5:$A$12,0)) -> 50 | V14: =L14*Q14 -> 0 | W14: =M14*R14 -> 0 | X14: =N14*S14 -> 0.036606374 | Y14: =O14*T14 -> 0.019738731 | Z14: =P14*U14 -> 0.019738731 | AA14: =SUM(V14:Z14) -> 0.076083836 | AB14: =SUMPRODUCT(L14:P14*(Q14:U14>0)) -> 0.0096899225
A15: Total | AA15: =SUM(AA7:AA14) -> 0.75995892 | AB15: =SUM(AB7:AB14) -> 0.050828048
A17: Line RTP (total-bet ratio) | E17: =AA15 -> 0.75995892
A18: Expected pay per line (x line bet) × number of lines ÷ total bet (line bet × number of lines) = expected pay per line

Sheet Scatter Calc
A1: Scatter Calc (exact)
A2: SCATTERs are at least 3 apart, so at most 1 is visible per reel. P(visible on reel i) = rows × count / length. Enumerate all 2^5 = 32 visible/not-visible combinations to get the distribution of the SCATTER count.
A4: Reel | B4: SCATTER count | C4: Length | D4: Visible prob p
A5: 1 | B5: =INDEX('Symbol Counts'!$B$5:$F$14,MATCH('Base Parameters'!$B$15,'Symbol Counts'!$A$5:$A$14,0),A5) -> 1 | C5: =INDEX('Symbol Counts'!$B$15:$F$15,A5) -> 44 | D5: ='Base Parameters'!$B$5*B5/C5 -> 0.068181818
A6: 2 | B6: =INDEX('Symbol Counts'!$B$5:$F$14,MATCH('Base Parameters'!$B$15,'Symbol Counts'!$A$5:$A$14,0),A6) -> 2 | C6: =INDEX('Symbol Counts'!$B$15:$F$15,A6) -> 43 | D6: ='Base Parameters'!$B$5*B6/C6 -> 0.13953488
A7: 3 | B7: =INDEX('Symbol Counts'!$B$5:$F$14,MATCH('Base Parameters'!$B$15,'Symbol Counts'!$A$5:$A$14,0),A7) -> 1 | C7: =INDEX('Symbol Counts'!$B$15:$F$15,A7) -> 42 | D7: ='Base Parameters'!$B$5*B7/C7 -> 0.071428571
A8: 4 | B8: =INDEX('Symbol Counts'!$B$5:$F$14,MATCH('Base Parameters'!$B$15,'Symbol Counts'!$A$5:$A$14,0),A8) -> 2 | C8: =INDEX('Symbol Counts'!$B$15:$F$15,A8) -> 45 | D8: ='Base Parameters'!$B$5*B8/C8 -> 0.13333333
A9: 5 | B9: =INDEX('Symbol Counts'!$B$5:$F$14,MATCH('Base Parameters'!$B$15,'Symbol Counts'!$A$5:$A$14,0),A9) -> 1 | C9: =INDEX('Symbol Counts'!$B$15:$F$15,A9) -> 42 | D9: ='Base Parameters'!$B$5*B9/C9 -> 0.071428571
A11: Visible pattern enumeration (1 = visible)
A12: Pattern | B12: R1 | C12: R2 | D12: R3 | E12: R4 | F12: R5 | G12: Count | H12: Probability
A13: 0 | B13: 0 | C13: 0 | D13: 0 | E13: 0 | F13: 0 | G13: =SUM(B13:F13) -> 0 | H13: =IF(B13=1,$D$5,1-$D$5)*IF(C13=1,$D$6,1-$D$6)*IF(D13=1,$D$7,1-$D$7)*IF(E13=1,$D$8,1-$D$8)*IF(F13=1,$D$9,1-$D$9) -> 0.59916602
A14: 1 | B14: 1 | C14: 0 | D14: 0 | E14: 0 | F14: 0 | G14: =SUM(B14:F14) -> 1 | H14: =IF(B14=1,$D$5,1-$D$5)*IF(C14=1,$D$6,1-$D$6)*IF(D14=1,$D$7,1-$D$7)*IF(E14=1,$D$8,1-$D$8)*IF(F14=1,$D$9,1-$D$9) -> 0.043841416
A15: 2 | B15: 0 | C15: 1 | D15: 0 | E15: 0 | F15: 0 | G15: =SUM(B15:F15) -> 1 | H15: =IF(B15=1,$D$5,1-$D$5)*IF(C15=1,$D$6,1-$D$6)*IF(D15=1,$D$7,1-$D$7)*IF(E15=1,$D$8,1-$D$8)*IF(F15=1,$D$9,1-$D$9) -> 0.097162057
A16: 3 | B16: 1 | C16: 1 | D16: 0 | E16: 0 | F16: 0 | G16: =SUM(B16:F16) -> 2 | H16: =IF(B16=1,$D$5,1-$D$5)*IF(C16=1,$D$6,1-$D$6)*IF(D16=1,$D$7,1-$D$7)*IF(E16=1,$D$8,1-$D$8)*IF(F16=1,$D$9,1-$D$9) -> 0.0071094188
A17: 4 | B17: 0 | C17: 0 | D17: 1 | E17: 0 | F17: 0 | G17: =SUM(B17:F17) -> 1 | H17: =IF(B17=1,$D$5,1-$D$5)*IF(C17=1,$D$6,1-$D$6)*IF(D17=1,$D$7,1-$D$7)*IF(E17=1,$D$8,1-$D$8)*IF(F17=1,$D$9,1-$D$9) -> 0.046089694
A18: 5 | B18: 1 | C18: 0 | D18: 1 | E18: 0 | F18: 0 | G18: =SUM(B18:F18) -> 2 | H18: =IF(B18=1,$D$5,1-$D$5)*IF(C18=1,$D$6,1-$D$6)*IF(D18=1,$D$7,1-$D$7)*IF(E18=1,$D$8,1-$D$8)*IF(F18=1,$D$9,1-$D$9) -> 0.0033724166
A19: 6 | B19: 0 | C19: 1 | D19: 1 | E19: 0 | F19: 0 | G19: =SUM(B19:F19) -> 2 | H19: =IF(B19=1,$D$5,1-$D$5)*IF(C19=1,$D$6,1-$D$6)*IF(D19=1,$D$7,1-$D$7)*IF(E19=1,$D$8,1-$D$8)*IF(F19=1,$D$9,1-$D$9) -> 0.0074740044
A20: 7 | B20: 1 | C20: 1 | D20: 1 | E20: 0 | F20: 0 | G20: =SUM(B20:F20) -> 3 | H20: =IF(B20=1,$D$5,1-$D$5)*IF(C20=1,$D$6,1-$D$6)*IF(D20=1,$D$7,1-$D$7)*IF(E20=1,$D$8,1-$D$8)*IF(F20=1,$D$9,1-$D$9) -> 0.00054687837
A21: 8 | B21: 0 | C21: 0 | D21: 0 | E21: 1 | F21: 0 | G21: =SUM(B21:F21) -> 1 | H21: =IF(B21=1,$D$5,1-$D$5)*IF(C21=1,$D$6,1-$D$6)*IF(D21=1,$D$7,1-$D$7)*IF(E21=1,$D$8,1-$D$8)*IF(F21=1,$D$9,1-$D$9) -> 0.092179388
A22: 9 | B22: 1 | C22: 0 | D22: 0 | E22: 1 | F22: 0 | G22: =SUM(B22:F22) -> 2 | H22: =IF(B22=1,$D$5,1-$D$5)*IF(C22=1,$D$6,1-$D$6)*IF(D22=1,$D$7,1-$D$7)*IF(E22=1,$D$8,1-$D$8)*IF(F22=1,$D$9,1-$D$9) -> 0.0067448332
A23: 10 | B23: 0 | C23: 1 | D23: 0 | E23: 1 | F23: 0 | G23: =SUM(B23:F23) -> 2 | H23: =IF(B23=1,$D$5,1-$D$5)*IF(C23=1,$D$6,1-$D$6)*IF(D23=1,$D$7,1-$D$7)*IF(E23=1,$D$8,1-$D$8)*IF(F23=1,$D$9,1-$D$9) -> 0.014948009
A24: 11 | B24: 1 | C24: 1 | D24: 0 | E24: 1 | F24: 0 | G24: =SUM(B24:F24) -> 3 | H24: =IF(B24=1,$D$5,1-$D$5)*IF(C24=1,$D$6,1-$D$6)*IF(D24=1,$D$7,1-$D$7)*IF(E24=1,$D$8,1-$D$8)*IF(F24=1,$D$9,1-$D$9) -> 0.0010937567
... A44: 31 | B44: 1 | C44: 1 | D44: 1 | E44: 1 | F44: 1 | G44: =SUM(B44:F44) -> 5 | H44: =IF(B44=1,$D$5,1-$D$5)*IF(C44=1,$D$6,1-$D$6)*IF(D44=1,$D$7,1-$D$7)*IF(E44=1,$D$8,1-$D$8)*IF(F44=1,$D$9,1-$D$9) -> 6.4719334e-06
A46: SCATTER count distribution and pays
A47: Count | B47: Probability | C47: Pay (x total bet) | D47: Contribution | E47: 1 in N
A48: 0 | B48: =SUMIF($G$13:$G$44,A48,$H$13:$H$44) -> 0.59916602 | C48: =IF(A48=0,0,INDEX(Paytable!$B$15:$F$15,A48)) -> 0 | D48: =B48*C48 -> 0 | E48: =IF(B48>0,1/B48,"-") -> 1.6689865
A49: 1 | B49: =SUMIF($G$13:$G$44,A49,$H$13:$H$44) -> 0.32536225 | C49: =IF(A49=0,0,INDEX(Paytable!$B$15:$F$15,A49)) -> 0 | D49: =B49*C49 -> 0 | E49: =IF(B49>0,1/B49,"-") -> 3.0734973
A50: 2 | B50: =SUMIF($G$13:$G$44,A50,$H$13:$H$44) -> 0.068221908 | C50: =IF(A50=0,0,INDEX(Paytable!$B$15:$F$15,A50)) -> 0 | D50: =B50*C50 -> 0 | E50: =IF(B50>0,1/B50,"-") -> 14.658048
A51: 3 | B51: =SUMIF($G$13:$G$44,A51,$H$13:$H$44) -> 0.006904654 | C51: =IF(A51=0,0,INDEX(Paytable!$B$15:$F$15,A51)) -> 2 | D51: =B51*C51 -> 0.013809308 | E51: =IF(B51>0,1/B51,"-") -> 144.82985
A52: 4 | B52: =SUMIF($G$13:$G$44,A52,$H$13:$H$44) -> 0.00033869785 | C52: =IF(A52=0,0,INDEX(Paytable!$B$15:$F$15,A52)) -> 10 | D52: =B52*C52 -> 0.0033869785 | E52: =IF(B52>0,1/B52,"-") -> 2952.4841
A53: 5 | B53: =SUMIF($G$13:$G$44,A53,$H$13:$H$44) -> 6.4719334e-06 | C53: =IF(A53=0,0,INDEX(Paytable!$B$15:$F$15,A53)) -> 50 | D53: =B53*C53 -> 0.00032359667 | E53: =IF(B53>0,1/B53,"-") -> 154513.33
A54: Total | B54: =SUM(B48:B53) -> 1 | D54: =SUM(D48:D53) -> 0.017519883 | E54: ← scatter RTP
A56: FS trigger probability | B56: =SUMIF(A48:A53,">="&'Base Parameters'!$B$12,B48:B53) -> 0.0072498238
A57: FS trigger 1 in N | B57: =1/B56 -> 137.93439

Sheet Free Spin Calc
A1: Free Spin Calc (exact)
A2: Free spins use the same reels as the base game, with every win × multiplier. Each FS spin retriggers with probability p and adds R more spins → expected total spins = N / (1 − R·p) (branching process, finite when R·p < 1).
A3: Item | B3: Value | C3: Formula / notes
A4: FS trigger probability p | B4: ='Scatter Calc'!B56 -> 0.0072498238 | C4: Scatter Calc sheet
A5: Spins awarded N | B5: ='Base Parameters'!$B$9 -> 10 | C5: Base Parameters
A6: Retrigger spins R | B6: ='Base Parameters'!$B$10 -> 10 | C6: Base Parameters
A7: Multiplier M | B7: ='Base Parameters'!$B$11 -> 3 | C7: Base Parameters
A8: Branching rate R·p | B8: =B6*B4 -> 0.072498238 | C8: Must be below 1
A9: Expected total FS spins | B9: =IF(B8<1,B5/(1-B8),"Diverges") -> 10.781651 | C9: N / (1 − R·p)
A10: Base RTP (line + scatter) | B10: ='Line Calc'!AA15+'Scatter Calc'!D54 -> 0.7774788 | C10: Expected pay per spin (x total bet)
A11: Expected pay per FS spin (x total bet) | B11: =B10*B7 -> 2.3324364 | C11: Base RTP × M
A12: Expected total win per FS feature (x total bet) | B12: =B9*B11 -> 25.147515 | C12: Expected total spins × pay per spin
A13: FS RTP contribution | B13: =B4*B12 -> 0.18231505 | C13: p × expected feature win

Sheet RTP Breakdown
A1: RTP Breakdown
A4: Component | B4: RTP | C4: Share | D4: Source
A5: Line pays | B5: ='Line Calc'!AA15 -> 0.75995892 | C5: =B5/$B$9 -> 0.7917939 | D5: Line Calc
A6: Scatter pays | B6: ='Scatter Calc'!D54 -> 0.017519883 | C6: =B6/$B$9 -> 0.018253798 | D6: Scatter Calc
A7: Base game subtotal | B7: =B5+B6 -> 0.7774788 | C7: =B7/$B$9 -> 0.8100477
A8: Free spins | B8: ='Free Spin Calc'!B13 -> 0.18231505 | C8: =B8/$B$9 -> 0.1899523 | D8: Free Spin Calc
A9: Total RTP | B9: =B7+B8 -> 0.95979385 | C9: =B9/$B$9 -> 1
A11: Target RTP | B11: ='Base Parameters'!$B$13 -> 0.96
A12: Difference from target | B12: =B9-B11 -> -0.00020614577
A13: Verdict (within ±0.1%) | B13: =IF(ABS(B12)<=0.001,"OK","Needs tuning") -> OK

Sheet Simulation Results
A1: Simulation Results (SDK slotsim)
A2: Source: slotsim report / math neon_fortune v1.0.0 / generated 2026-09-23T12:11:03Z. Values are pasted from the SDK output (they don't recalculate). After changing the math, rerun make_specs.sh.
A4: Monte Carlo | B4: Value | D4: Full cycle (base game) | E4: Value
A5: Rounds | B5: 100000000 | D5: Combinations | E5: 150186960
A6: Total RTP | B6: 0.96020292 | D6: Base RTP (exact) | E6: 0.7774788
A7: RTP 95% CI (±) | B7: 0.00063646085 | D7: Hit frequency (exact) | E7: 0.53844676
A8: Base RTP | B8: 0.77779937 | D8: Max base win (x total bet) | E8: 76
A9: FS RTP | B9: 0.18240354 | D9: FS trigger probability (exact) | E9: 0.0072498238
A10: Hit frequency | B10: 0.53846567
A11: FS trigger frequency | B11: 0.00725356 | D11: SDK theory (TheoreticalCalculator) | E11: Value
A12: Average FS spins | B12: 10.77606 | D12: Total RTP | E12: 0.95979385
A13: Average FS feature win (x total bet) | B13: 25.146762 | D13: Base RTP | E13: 0.7774788
A14: Standard deviation (per round) | B14: 3.2472493 | D14: FS trigger probability | E14: 0.0072498238
A15: Max round win (x total bet) | B15: 333.05
A16: Seed | B16: 20260923
A18: Win distribution (round win ÷ total bet)
A19: Range | B19: MC probability | D19: MC 1 in N | E19: Full cycle probability (base only)
A20: 0 (no win) | B20: 0.46153433 | D20: =IF(B20>0,1/B20,"-") -> 2.1666861 | E20: 0.46155324
A21: 0-1x | B21: 0.29158226 | D21: =IF(B21>0,1/B21,"-") -> 3.4295639 | E21: 0.29161827
A22: 1-2x | B22: 0.12668461 | D22: =IF(B22>0,1/B22,"-") -> 7.8936186 | E22: 0.12667023
A23: 2-5x | B23: 0.0859521 | D23: =IF(B23>0,1/B23,"-") -> 11.634387 | E23: 0.092637909
A24: 5-10x | B24: 0.02248187 | D24: =IF(B24>0,1/B24,"-") -> 44.480286 | E24: 0.022064739
A25: 10-20x | B25: 0.00665762 | D25: =IF(B25>0,1/B25,"-") -> 150.20383 | E25: 0.0047454653
A26: 20-50x | B26: 0.00427281 | D26: =IF(B26>0,1/B26,"-") -> 234.03802 | E26: 0.00059602378
A27: 50-100x | B27: 0.00077494 | D27: =IF(B27>0,1/B27,"-") -> 1290.4225 | E27: 0.00011411776
A28: 100-500x | B28: 5.946e-05 | D28: =IF(B28>0,1/B28,"-") -> 16818.029 | E28: 0
A29: 500x+ | B29: 0 | D29: =IF(B29>0,1/B29,"-") -> - | E29: 0

Sheet Verification
A1: Verification (Excel formulas vs SDK)
A2: Checks that the theoretical values from the Excel formulas agree with the SDK's independent calculations (evaluator enumeration and Monte Carlo).
A4: Check | B4: Excel theory | C4: SDK | D4: Difference / z | E4: Verdict | F4: Criterion
A5: Base RTP vs full cycle | B5: ='RTP Breakdown'!B7 -> 0.7774788 | C5: ='Simulation Results'!E6 -> 0.7774788 | D5: =B5-C5 -> 0 | E5: =IF(ABS(D5)<0.000000001,"PASS","FAIL") -> PASS | F5: Exact match (|difference| < 1e-9). Formula vs full enumeration of every stop combination by the actual evaluator
A6: FS trigger vs full cycle | B6: ='Scatter Calc'!B56 -> 0.0072498238 | C6: ='Simulation Results'!E9 -> 0.0072498238 | D6: =B6-C6 -> 0 | E6: =IF(ABS(D6)<0.000000000001,"PASS","FAIL") -> PASS | F6: Exact match
A7: Total RTP vs SDK theory | B7: ='RTP Breakdown'!B9 -> 0.95979385 | C7: ='Simulation Results'!E12 -> 0.95979385 | D7: =B7-C7 -> 0 | E7: =IF(ABS(D7)<0.000000001,"PASS","FAIL") -> PASS | F7: Excel formulas vs C# TheoreticalCalculator
A8: Total RTP vs Monte Carlo | B8: ='RTP Breakdown'!B9 -> 0.95979385 | C8: ='Simulation Results'!B6 -> 0.96020292 | D8: =(C8-B8)/('Simulation Results'!B14/SQRT('Simulation Results'!B5)) -> 1.2597178 | E8: =IF(ABS(D8)<4,"PASS","FAIL") -> PASS | F8: Within ±4σ in standard error (z value)
A10: If you change the math in Excel, run export_math.py → make_specs.sh so the SDK-side values are recomputed.
